{"cameraMode":{"drawMode":0,"name":"Shaded","section":"Shading Mode"},"sceneLighting":true,"audioPlay":false,"sceneViewState":{"showFog":true,"showMaterialUpdate":false,"showSkybox":true,"showFlares":true,"showImageEffects":true,"showParticleSystems":true},"in2DMode":false,"pivot":{"x":0.00034930650144815445,"y":0.0022388920187950136,"z":-0.0024595260620117189},"rotation":{"x":0.07201232761144638,"y":-0.3442375361919403,"z":0.02650536596775055,"w":0.9357575178146362},"size":0.051243387162685397,"orthographic":false}