{"cameraMode":{"drawMode":0,"name":"Shaded","section":"Shading Mode"},"sceneLighting":true,"audioPlay":false,"sceneViewState":{"showFog":true,"showMaterialUpdate":false,"showSkybox":true,"showFlares":true,"showImageEffects":true,"showParticleSystems":true},"in2DMode":false,"pivot":{"x":6.6793646812438969,"y":-7.506533622741699,"z":-11.630023002624512},"rotation":{"x":0.05517563223838806,"y":0.9411932229995728,"z":-0.18913093209266663,"w":0.27452096343040469},"size":22.0,"orthographic":false}