{"cameraMode":{"drawMode":0,"name":"Shaded","section":"Shading Mode"},"sceneLighting":true,"audioPlay":false,"sceneViewState":{"showFog":true,"showMaterialUpdate":false,"showSkybox":true,"showFlares":true,"showImageEffects":true,"showParticleSystems":true},"in2DMode":false,"pivot":{"x":-19.53252410888672,"y":-10.633820533752442,"z":20.435556411743165},"rotation":{"x":-0.17632512748241425,"y":0.36862415075302126,"z":-0.07140868902206421,"w":-0.9099298119544983},"size":38.67347717285156,"orthographic":false}